"CT","Freq","Prob"
3,8,0.00537634408602151
4,42,0.0282258064516129
5,58,0.0389784946236559
6,53,0.0356182795698925
7,76,0.0510752688172043
8,56,0.0376344086021505
9,68,0.0456989247311828
10,74,0.0497311827956989
11,68,0.0456989247311828
12,49,0.0329301075268817
13,57,0.0383064516129032
14,63,0.0423387096774194
15,60,0.0403225806451613
16,48,0.032258064516129
17,58,0.0389784946236559
18,53,0.0356182795698925
19,57,0.0383064516129032
20,63,0.0423387096774194
21,61,0.040994623655914
22,49,0.0329301075268817
23,63,0.0423387096774194
24,72,0.0483870967741935
25,45,0.030241935483871
26,39,0.0262096774193548
27,33,0.0221774193548387
28,31,0.0208333333333333
29,22,0.0147849462365591
30,26,0.0174731182795699
31,24,0.0161290322580645
32,12,0.00806451612903226
